,t1,t2,colony,num_cells1,num_cells2,method,tp,fp,tn,fn,acc,f1,timediff,assgraphs,seed
0,85,86,wt_pom1D_01_30_R3D_REF_dv_trk,7,7,gcn,7,0,42,0,1.0,1.0,5,/mlodata1/hokarami/fari/tracking/generated_data/fissions/ass_graphs_features_locality,0
1,104,105,wt_pom1D_01_30_R3D_REF_dv_trk,8,9,gcn,7,0,65,0,1.0,1.0,5,/mlodata1/hokarami/fari/tracking/generated_data/fissions/ass_graphs_features_locality,0
2,49,50,wt_pom1D_01_30_R3D_REF_dv_trk,4,4,gcn,4,0,12,0,1.0,1.0,5,/mlodata1/hokarami/fari/tracking/generated_data/fissions/ass_graphs_features_locality,0
3,156,157,wt_pom1D_01_30_R3D_REF_dv_trk,32,32,gcn,32,0,992,0,1.0,1.0,5,/mlodata1/hokarami/fari/tracking/generated_data/fissions/ass_graphs_features_locality,0
4,108,109,wt_pom1D_01_30_R3D_REF_dv_trk,12,14,gcn,10,0,158,0,1.0,1.0,5,/mlodata1/hokarami/fari/tracking/generated_data/fissions/ass_graphs_features_locality,0
5,112,113,wt_pom1D_01_30_R3D_REF_dv_trk,14,14,gcn,14,0,182,0,1.0,1.0,5,/mlodata1/hokarami/fari/tracking/generated_data/fissions/ass_graphs_features_locality,0
6,55,56,wt_pom1D_01_30_R3D_REF_dv_trk,4,4,gcn,4,0,12,0,1.0,1.0,5,/mlodata1/hokarami/fari/tracking/generated_data/fissions/ass_graphs_features_locality,0
7,45,46,wt_pom1D_01_30_R3D_REF_dv_trk,4,4,gcn,4,0,12,0,1.0,1.0,5,/mlodata1/hokarami/fari/tracking/generated_data/fissions/ass_graphs_features_locality,0
8,91,92,wt_pom1D_01_30_R3D_REF_dv_trk,8,8,gcn,8,0,56,0,1.0,1.0,5,/mlodata1/hokarami/fari/tracking/generated_data/fissions/ass_graphs_features_locality,0
9,138,139,wt_pom1D_01_30_R3D_REF_dv_trk,21,22,gcn,20,0,442,0,1.0,1.0,5,/mlodata1/hokarami/fari/tracking/generated_data/fissions/ass_graphs_features_locality,0
10,86,87,wt_pom1D_01_30_R3D_REF_dv_trk,7,7,gcn,7,0,42,0,1.0,1.0,5,/mlodata1/hokarami/fari/tracking/generated_data/fissions/ass_graphs_features_locality,0
11,113,114,wt_pom1D_01_30_R3D_REF_dv_trk,14,14,gcn,14,0,182,0,1.0,1.0,5,/mlodata1/hokarami/fari/tracking/generated_data/fissions/ass_graphs_features_locality,0
12,136,137,wt_pom1D_01_30_R3D_REF_dv_trk,20,20,gcn,20,0,380,0,1.0,1.0,5,/mlodata1/hokarami/fari/tracking/generated_data/fissions/ass_graphs_features_locality,0
13,116,117,wt_pom1D_01_30_R3D_REF_dv_trk,14,16,gcn,12,0,212,0,1.0,1.0,5,/mlodata1/hokarami/fari/tracking/generated_data/fissions/ass_graphs_features_locality,0
14,83,84,wt_pom1D_01_30_R3D_REF_dv_trk,7,7,gcn,7,0,42,0,1.0,1.0,5,/mlodata1/hokarami/fari/tracking/generated_data/fissions/ass_graphs_features_locality,0
15,81,82,wt_pom1D_01_30_R3D_REF_dv_trk,7,7,gcn,7,0,42,0,1.0,1.0,5,/mlodata1/hokarami/fari/tracking/generated_data/fissions/ass_graphs_features_locality,0
16,171,172,wt_pom1D_01_30_R3D_REF_dv_trk,43,46,gcn,40,0,1938,0,1.0,1.0,5,/mlodata1/hokarami/fari/tracking/generated_data/fissions/ass_graphs_features_locality,0
17,51,52,wt_pom1D_01_30_R3D_REF_dv_trk,4,4,gcn,4,0,12,0,1.0,1.0,5,/mlodata1/hokarami/fari/tracking/generated_data/fissions/ass_graphs_features_locality,0
18,84,85,wt_pom1D_01_30_R3D_REF_dv_trk,7,7,gcn,7,0,42,0,1.0,1.0,5,/mlodata1/hokarami/fari/tracking/generated_data/fissions/ass_graphs_features_locality,0
19,73,74,wt_pom1D_01_30_R3D_REF_dv_trk,6,7,gcn,5,0,37,0,1.0,1.0,5,/mlodata1/hokarami/fari/tracking/generated_data/fissions/ass_graphs_features_locality,0
20,132,133,wt_pom1D_01_30_R3D_REF_dv_trk,16,17,gcn,15,0,257,0,1.0,1.0,5,/mlodata1/hokarami/fari/tracking/generated_data/fissions/ass_graphs_features_locality,0
21,68,69,wt_pom1D_01_30_R3D_REF_dv_trk,4,5,gcn,3,0,17,0,1.0,1.0,5,/mlodata1/hokarami/fari/tracking/generated_data/fissions/ass_graphs_features_locality,0
22,129,130,wt_pom1D_01_30_R3D_REF_dv_trk,16,16,gcn,16,0,240,0,1.0,1.0,5,/mlodata1/hokarami/fari/tracking/generated_data/fissions/ass_graphs_features_locality,0
23,42,43,wt_pom1D_01_30_R3D_REF_dv_trk,4,4,gcn,4,0,12,0,1.0,1.0,5,/mlodata1/hokarami/fari/tracking/generated_data/fissions/ass_graphs_features_locality,0
24,115,116,wt_pom1D_01_30_R3D_REF_dv_trk,14,14,gcn,14,0,182,0,1.0,1.0,5,/mlodata1/hokarami/fari/tracking/generated_data/fissions/ass_graphs_features_locality,0
25,30,31,wt_pom1D_01_30_R3D_REF_dv_trk,2,2,gcn,2,0,2,0,1.0,1.0,5,/mlodata1/hokarami/fari/tracking/generated_data/fissions/ass_graphs_features_locality,0
26,121,122,wt_pom1D_01_30_R3D_REF_dv_trk,16,16,gcn,16,0,240,0,1.0,1.0,5,/mlodata1/hokarami/fari/tracking/generated_data/fissions/ass_graphs_features_locality,0
27,148,149,wt_pom1D_01_30_R3D_REF_dv_trk,30,32,gcn,28,0,932,0,1.0,1.0,5,/mlodata1/hokarami/fari/tracking/generated_data/fissions/ass_graphs_features_locality,0
28,145,146,wt_pom1D_01_30_R3D_REF_dv_trk,29,29,gcn,29,0,812,0,1.0,1.0,5,/mlodata1/hokarami/fari/tracking/generated_data/fissions/ass_graphs_features_locality,0
29,173,174,wt_pom1D_01_30_R3D_REF_dv_trk,48,50,gcn,46,0,2354,0,1.0,1.0,5,/mlodata1/hokarami/fari/tracking/generated_data/fissions/ass_graphs_features_locality,0
30,94,95,wt_pom1D_01_30_R3D_REF_dv_trk,8,8,gcn,8,0,56,0,1.0,1.0,5,/mlodata1/hokarami/fari/tracking/generated_data/fissions/ass_graphs_features_locality,0
31,38,39,wt_pom1D_01_30_R3D_REF_dv_trk,3,4,gcn,1,1,9,1,0.8333333333333334,0.5,5,/mlodata1/hokarami/fari/tracking/generated_data/fissions/ass_graphs_features_locality,0
32,169,170,wt_pom1D_01_30_R3D_REF_dv_trk,39,44,gcn,34,0,1682,0,1.0,1.0,5,/mlodata1/hokarami/fari/tracking/generated_data/fissions/ass_graphs_features_locality,0
33,39,40,wt_pom1D_01_30_R3D_REF_dv_trk,4,4,gcn,4,0,12,0,1.0,1.0,5,/mlodata1/hokarami/fari/tracking/generated_data/fissions/ass_graphs_features_locality,0
34,150,151,wt_pom1D_01_30_R3D_REF_dv_trk,32,32,gcn,32,0,992,0,1.0,1.0,5,/mlodata1/hokarami/fari/tracking/generated_data/fissions/ass_graphs_features_locality,0
35,60,61,wt_pom1D_01_30_R3D_REF_dv_trk,4,4,gcn,4,0,12,0,1.0,1.0,5,/mlodata1/hokarami/fari/tracking/generated_data/fissions/ass_graphs_features_locality,0
36,128,129,wt_pom1D_01_30_R3D_REF_dv_trk,16,16,gcn,16,0,240,0,1.0,1.0,5,/mlodata1/hokarami/fari/tracking/generated_data/fissions/ass_graphs_features_locality,0
37,137,138,wt_pom1D_01_30_R3D_REF_dv_trk,20,21,gcn,19,0,401,0,1.0,1.0,5,/mlodata1/hokarami/fari/tracking/generated_data/fissions/ass_graphs_features_locality,0
38,54,55,wt_pom1D_01_30_R3D_REF_dv_trk,4,4,gcn,4,0,12,0,1.0,1.0,5,/mlodata1/hokarami/fari/tracking/generated_data/fissions/ass_graphs_features_locality,0
39,50,51,wt_pom1D_01_30_R3D_REF_dv_trk,4,4,gcn,4,0,12,0,1.0,1.0,5,/mlodata1/hokarami/fari/tracking/generated_data/fissions/ass_graphs_features_locality,0
40,101,102,wt_pom1D_01_30_R3D_REF_dv_trk,8,8,gcn,8,0,56,0,1.0,1.0,5,/mlodata1/hokarami/fari/tracking/generated_data/fissions/ass_graphs_features_locality,0
41,58,59,wt_pom1D_01_30_R3D_REF_dv_trk,4,4,gcn,4,0,12,0,1.0,1.0,5,/mlodata1/hokarami/fari/tracking/generated_data/fissions/ass_graphs_features_locality,0
42,125,126,wt_pom1D_01_30_R3D_REF_dv_trk,16,16,gcn,16,0,240,0,1.0,1.0,5,/mlodata1/hokarami/fari/tracking/generated_data/fissions/ass_graphs_features_locality,0
43,166,167,wt_pom1D_01_30_R3D_REF_dv_trk,37,37,gcn,37,0,1332,0,1.0,1.0,5,/mlodata1/hokarami/fari/tracking/generated_data/fissions/ass_graphs_features_locality,0
44,28,29,wt_pom1D_01_30_R3D_REF_dv_trk,2,2,gcn,2,0,2,0,1.0,1.0,5,/mlodata1/hokarami/fari/tracking/generated_data/fissions/ass_graphs_features_locality,0
45,99,100,wt_pom1D_01_30_R3D_REF_dv_trk,8,8,gcn,8,0,56,0,1.0,1.0,5,/mlodata1/hokarami/fari/tracking/generated_data/fissions/ass_graphs_features_locality,0
46,59,60,wt_pom1D_01_30_R3D_REF_dv_trk,4,4,gcn,4,0,12,0,1.0,1.0,5,/mlodata1/hokarami/fari/tracking/generated_data/fissions/ass_graphs_features_locality,0
47,92,93,wt_pom1D_01_30_R3D_REF_dv_trk,8,8,gcn,8,0,56,0,1.0,1.0,5,/mlodata1/hokarami/fari/tracking/generated_data/fissions/ass_graphs_features_locality,0
48,103,104,wt_pom1D_01_30_R3D_REF_dv_trk,8,8,gcn,8,0,56,0,1.0,1.0,5,/mlodata1/hokarami/fari/tracking/generated_data/fissions/ass_graphs_features_locality,0
49,87,88,wt_pom1D_01_30_R3D_REF_dv_trk,7,7,gcn,7,0,42,0,1.0,1.0,5,/mlodata1/hokarami/fari/tracking/generated_data/fissions/ass_graphs_features_locality,0
50,135,136,wt_pom1D_01_30_R3D_REF_dv_trk,19,20,gcn,18,0,362,0,1.0,1.0,5,/mlodata1/hokarami/fari/tracking/generated_data/fissions/ass_graphs_features_locality,0
51,67,68,wt_pom1D_01_30_R3D_REF_dv_trk,4,4,gcn,4,0,12,0,1.0,1.0,5,/mlodata1/hokarami/fari/tracking/generated_data/fissions/ass_graphs_features_locality,0
52,96,97,wt_pom1D_01_30_R3D_REF_dv_trk,8,8,gcn,8,0,56,0,1.0,1.0,5,/mlodata1/hokarami/fari/tracking/generated_data/fissions/ass_graphs_features_locality,0
53,146,147,wt_pom1D_01_30_R3D_REF_dv_trk,29,29,gcn,26,3,809,3,0.9928656361474435,0.896551724137931,5,/mlodata1/hokarami/fari/tracking/generated_data/fissions/ass_graphs_features_locality,0
54,168,169,wt_pom1D_01_30_R3D_REF_dv_trk,38,39,gcn,37,0,1445,0,1.0,1.0,5,/mlodata1/hokarami/fari/tracking/generated_data/fissions/ass_graphs_features_locality,0
55,165,166,wt_pom1D_01_30_R3D_REF_dv_trk,36,37,gcn,35,0,1297,0,1.0,1.0,5,/mlodata1/hokarami/fari/tracking/generated_data/fissions/ass_graphs_features_locality,0
56,155,156,wt_pom1D_01_30_R3D_REF_dv_trk,32,32,gcn,32,0,992,0,1.0,1.0,5,/mlodata1/hokarami/fari/tracking/generated_data/fissions/ass_graphs_features_locality,0
57,144,145,wt_pom1D_01_30_R3D_REF_dv_trk,26,29,gcn,23,0,731,0,1.0,1.0,5,/mlodata1/hokarami/fari/tracking/generated_data/fissions/ass_graphs_features_locality,0
58,52,53,wt_pom1D_01_30_R3D_REF_dv_trk,4,4,gcn,4,0,12,0,1.0,1.0,5,/mlodata1/hokarami/fari/tracking/generated_data/fissions/ass_graphs_features_locality,0
59,89,90,wt_pom1D_01_30_R3D_REF_dv_trk,8,8,gcn,8,0,56,0,1.0,1.0,5,/mlodata1/hokarami/fari/tracking/generated_data/fissions/ass_graphs_features_locality,0
60,75,76,wt_pom1D_01_30_R3D_REF_dv_trk,7,7,gcn,7,0,42,0,1.0,1.0,5,/mlodata1/hokarami/fari/tracking/generated_data/fissions/ass_graphs_features_locality,0
61,33,34,wt_pom1D_01_30_R3D_REF_dv_trk,2,2,gcn,2,0,2,0,1.0,1.0,5,/mlodata1/hokarami/fari/tracking/generated_data/fissions/ass_graphs_features_locality,0
62,71,72,wt_pom1D_01_30_R3D_REF_dv_trk,6,6,gcn,6,0,30,0,1.0,1.0,5,/mlodata1/hokarami/fari/tracking/generated_data/fissions/ass_graphs_features_locality,0
63,57,58,wt_pom1D_01_30_R3D_REF_dv_trk,4,4,gcn,4,0,12,0,1.0,1.0,5,/mlodata1/hokarami/fari/tracking/generated_data/fissions/ass_graphs_features_locality,0
64,139,140,wt_pom1D_01_30_R3D_REF_dv_trk,22,23,gcn,21,0,485,0,1.0,1.0,5,/mlodata1/hokarami/fari/tracking/generated_data/fissions/ass_graphs_features_locality,0
65,159,160,wt_pom1D_01_30_R3D_REF_dv_trk,32,33,gcn,31,0,1025,0,1.0,1.0,5,/mlodata1/hokarami/fari/tracking/generated_data/fissions/ass_graphs_features_locality,0
66,62,63,wt_pom1D_01_30_R3D_REF_dv_trk,4,4,gcn,4,0,12,0,1.0,1.0,5,/mlodata1/hokarami/fari/tracking/generated_data/fissions/ass_graphs_features_locality,0
67,32,33,wt_pom1D_01_30_R3D_REF_dv_trk,2,2,gcn,2,0,2,0,1.0,1.0,5,/mlodata1/hokarami/fari/tracking/generated_data/fissions/ass_graphs_features_locality,0
68,35,36,wt_pom1D_01_30_R3D_REF_dv_trk,2,2,gcn,2,0,2,0,1.0,1.0,5,/mlodata1/hokarami/fari/tracking/generated_data/fissions/ass_graphs_features_locality,0
69,65,66,wt_pom1D_01_30_R3D_REF_dv_trk,4,4,gcn,4,0,12,0,1.0,1.0,5,/mlodata1/hokarami/fari/tracking/generated_data/fissions/ass_graphs_features_locality,0
70,47,48,wt_pom1D_01_30_R3D_REF_dv_trk,4,4,gcn,4,0,12,0,1.0,1.0,5,/mlodata1/hokarami/fari/tracking/generated_data/fissions/ass_graphs_features_locality,0
71,69,70,wt_pom1D_01_30_R3D_REF_dv_trk,5,5,gcn,5,0,20,0,1.0,1.0,5,/mlodata1/hokarami/fari/tracking/generated_data/fissions/ass_graphs_features_locality,0
72,119,120,wt_pom1D_01_30_R3D_REF_dv_trk,16,16,gcn,16,0,240,0,1.0,1.0,5,/mlodata1/hokarami/fari/tracking/generated_data/fissions/ass_graphs_features_locality,0
73,34,35,wt_pom1D_01_30_R3D_REF_dv_trk,2,2,gcn,2,0,2,0,1.0,1.0,5,/mlodata1/hokarami/fari/tracking/generated_data/fissions/ass_graphs_features_locality,0
74,151,152,wt_pom1D_01_30_R3D_REF_dv_trk,32,32,gcn,32,0,992,0,1.0,1.0,5,/mlodata1/hokarami/fari/tracking/generated_data/fissions/ass_graphs_features_locality,0
75,142,143,wt_pom1D_01_30_R3D_REF_dv_trk,23,24,gcn,22,0,530,0,1.0,1.0,5,/mlodata1/hokarami/fari/tracking/generated_data/fissions/ass_graphs_features_locality,0
76,105,106,wt_pom1D_01_30_R3D_REF_dv_trk,9,9,gcn,9,0,72,0,1.0,1.0,5,/mlodata1/hokarami/fari/tracking/generated_data/fissions/ass_graphs_features_locality,0
77,46,47,wt_pom1D_01_30_R3D_REF_dv_trk,4,4,gcn,4,0,12,0,1.0,1.0,5,/mlodata1/hokarami/fari/tracking/generated_data/fissions/ass_graphs_features_locality,0
78,134,135,wt_pom1D_01_30_R3D_REF_dv_trk,18,19,gcn,17,0,325,0,1.0,1.0,5,/mlodata1/hokarami/fari/tracking/generated_data/fissions/ass_graphs_features_locality,0
79,124,125,wt_pom1D_01_30_R3D_REF_dv_trk,16,16,gcn,16,0,240,0,1.0,1.0,5,/mlodata1/hokarami/fari/tracking/generated_data/fissions/ass_graphs_features_locality,0
80,174,175,wt_pom1D_01_30_R3D_REF_dv_trk,50,49,gcn,45,4,2398,3,0.9971428571428571,0.9278350515463918,5,/mlodata1/hokarami/fari/tracking/generated_data/fissions/ass_graphs_features_locality,0
81,158,159,wt_pom1D_01_30_R3D_REF_dv_trk,32,32,gcn,32,0,992,0,1.0,1.0,5,/mlodata1/hokarami/fari/tracking/generated_data/fissions/ass_graphs_features_locality,0
82,114,115,wt_pom1D_01_30_R3D_REF_dv_trk,14,14,gcn,14,0,182,0,1.0,1.0,5,/mlodata1/hokarami/fari/tracking/generated_data/fissions/ass_graphs_features_locality,0
83,78,79,wt_pom1D_01_30_R3D_REF_dv_trk,7,7,gcn,7,0,42,0,1.0,1.0,5,/mlodata1/hokarami/fari/tracking/generated_data/fissions/ass_graphs_features_locality,0
84,161,162,wt_pom1D_01_30_R3D_REF_dv_trk,33,33,gcn,33,0,1056,0,1.0,1.0,5,/mlodata1/hokarami/fari/tracking/generated_data/fissions/ass_graphs_features_locality,0
85,36,37,wt_pom1D_01_30_R3D_REF_dv_trk,2,2,gcn,2,0,2,0,1.0,1.0,5,/mlodata1/hokarami/fari/tracking/generated_data/fissions/ass_graphs_features_locality,0
86,29,30,wt_pom1D_01_30_R3D_REF_dv_trk,2,2,gcn,2,0,2,0,1.0,1.0,5,/mlodata1/hokarami/fari/tracking/generated_data/fissions/ass_graphs_features_locality,0
87,147,148,wt_pom1D_01_30_R3D_REF_dv_trk,29,30,gcn,28,0,842,0,1.0,1.0,5,/mlodata1/hokarami/fari/tracking/generated_data/fissions/ass_graphs_features_locality,0
88,106,107,wt_pom1D_01_30_R3D_REF_dv_trk,9,9,gcn,9,0,72,0,1.0,1.0,5,/mlodata1/hokarami/fari/tracking/generated_data/fissions/ass_graphs_features_locality,0
89,61,62,wt_pom1D_01_30_R3D_REF_dv_trk,4,4,gcn,4,0,12,0,1.0,1.0,5,/mlodata1/hokarami/fari/tracking/generated_data/fissions/ass_graphs_features_locality,0
90,97,98,wt_pom1D_01_30_R3D_REF_dv_trk,8,8,gcn,8,0,56,0,1.0,1.0,5,/mlodata1/hokarami/fari/tracking/generated_data/fissions/ass_graphs_features_locality,0
91,77,78,wt_pom1D_01_30_R3D_REF_dv_trk,7,7,gcn,7,0,42,0,1.0,1.0,5,/mlodata1/hokarami/fari/tracking/generated_data/fissions/ass_graphs_features_locality,0
92,130,131,wt_pom1D_01_30_R3D_REF_dv_trk,16,16,gcn,16,0,240,0,1.0,1.0,5,/mlodata1/hokarami/fari/tracking/generated_data/fissions/ass_graphs_features_locality,0
93,102,103,wt_pom1D_01_30_R3D_REF_dv_trk,8,8,gcn,8,0,56,0,1.0,1.0,5,/mlodata1/hokarami/fari/tracking/generated_data/fissions/ass_graphs_features_locality,0
94,131,132,wt_pom1D_01_30_R3D_REF_dv_trk,16,16,gcn,16,0,240,0,1.0,1.0,5,/mlodata1/hokarami/fari/tracking/generated_data/fissions/ass_graphs_features_locality,0
95,133,134,wt_pom1D_01_30_R3D_REF_dv_trk,17,18,gcn,16,0,290,0,1.0,1.0,5,/mlodata1/hokarami/fari/tracking/generated_data/fissions/ass_graphs_features_locality,0
96,157,158,wt_pom1D_01_30_R3D_REF_dv_trk,32,32,gcn,32,0,992,0,1.0,1.0,5,/mlodata1/hokarami/fari/tracking/generated_data/fissions/ass_graphs_features_locality,0
97,117,118,wt_pom1D_01_30_R3D_REF_dv_trk,16,16,gcn,16,0,240,0,1.0,1.0,5,/mlodata1/hokarami/fari/tracking/generated_data/fissions/ass_graphs_features_locality,0
98,127,128,wt_pom1D_01_30_R3D_REF_dv_trk,16,16,gcn,16,0,240,0,1.0,1.0,5,/mlodata1/hokarami/fari/tracking/generated_data/fissions/ass_graphs_features_locality,0
99,70,71,wt_pom1D_01_30_R3D_REF_dv_trk,5,6,gcn,4,0,26,0,1.0,1.0,5,/mlodata1/hokarami/fari/tracking/generated_data/fissions/ass_graphs_features_locality,0
100,44,45,wt_pom1D_01_30_R3D_REF_dv_trk,4,4,gcn,4,0,12,0,1.0,1.0,5,/mlodata1/hokarami/fari/tracking/generated_data/fissions/ass_graphs_features_locality,0
101,98,99,wt_pom1D_01_30_R3D_REF_dv_trk,8,8,gcn,8,0,56,0,1.0,1.0,5,/mlodata1/hokarami/fari/tracking/generated_data/fissions/ass_graphs_features_locality,0
102,143,144,wt_pom1D_01_30_R3D_REF_dv_trk,24,26,gcn,22,0,602,0,1.0,1.0,5,/mlodata1/hokarami/fari/tracking/generated_data/fissions/ass_graphs_features_locality,0
103,27,28,wt_pom1D_01_30_R3D_REF_dv_trk,2,2,gcn,2,0,2,0,1.0,1.0,5,/mlodata1/hokarami/fari/tracking/generated_data/fissions/ass_graphs_features_locality,0
104,170,171,wt_pom1D_01_30_R3D_REF_dv_trk,44,43,gcn,43,0,1849,0,1.0,1.0,5,/mlodata1/hokarami/fari/tracking/generated_data/fissions/ass_graphs_features_locality,0
105,177,178,wt_pom1D_01_30_R3D_REF_dv_trk,57,59,gcn,55,0,3308,0,1.0,1.0,5,/mlodata1/hokarami/fari/tracking/generated_data/fissions/ass_graphs_features_locality,0
106,40,41,wt_pom1D_01_30_R3D_REF_dv_trk,4,4,gcn,4,0,12,0,1.0,1.0,5,/mlodata1/hokarami/fari/tracking/generated_data/fissions/ass_graphs_features_locality,0
107,123,124,wt_pom1D_01_30_R3D_REF_dv_trk,16,16,gcn,16,0,240,0,1.0,1.0,5,/mlodata1/hokarami/fari/tracking/generated_data/fissions/ass_graphs_features_locality,0
108,176,177,wt_pom1D_01_30_R3D_REF_dv_trk,57,57,gcn,57,0,3192,0,1.0,1.0,5,/mlodata1/hokarami/fari/tracking/generated_data/fissions/ass_graphs_features_locality,0
109,76,77,wt_pom1D_01_30_R3D_REF_dv_trk,7,7,gcn,7,0,42,0,1.0,1.0,5,/mlodata1/hokarami/fari/tracking/generated_data/fissions/ass_graphs_features_locality,0
110,120,121,wt_pom1D_01_30_R3D_REF_dv_trk,16,16,gcn,16,0,240,0,1.0,1.0,5,/mlodata1/hokarami/fari/tracking/generated_data/fissions/ass_graphs_features_locality,0
111,82,83,wt_pom1D_01_30_R3D_REF_dv_trk,7,7,gcn,7,0,42,0,1.0,1.0,5,/mlodata1/hokarami/fari/tracking/generated_data/fissions/ass_graphs_features_locality,0
112,152,153,wt_pom1D_01_30_R3D_REF_dv_trk,32,32,gcn,32,0,992,0,1.0,1.0,5,/mlodata1/hokarami/fari/tracking/generated_data/fissions/ass_graphs_features_locality,0
113,88,89,wt_pom1D_01_30_R3D_REF_dv_trk,7,8,gcn,6,0,50,0,1.0,1.0,5,/mlodata1/hokarami/fari/tracking/generated_data/fissions/ass_graphs_features_locality,0
114,93,94,wt_pom1D_01_30_R3D_REF_dv_trk,8,8,gcn,8,0,56,0,1.0,1.0,5,/mlodata1/hokarami/fari/tracking/generated_data/fissions/ass_graphs_features_locality,0
115,74,75,wt_pom1D_01_30_R3D_REF_dv_trk,7,7,gcn,7,0,42,0,1.0,1.0,5,/mlodata1/hokarami/fari/tracking/generated_data/fissions/ass_graphs_features_locality,0
116,111,112,wt_pom1D_01_30_R3D_REF_dv_trk,14,14,gcn,14,0,182,0,1.0,1.0,5,/mlodata1/hokarami/fari/tracking/generated_data/fissions/ass_graphs_features_locality,0
117,122,123,wt_pom1D_01_30_R3D_REF_dv_trk,16,16,gcn,16,0,240,0,1.0,1.0,5,/mlodata1/hokarami/fari/tracking/generated_data/fissions/ass_graphs_features_locality,0
118,72,73,wt_pom1D_01_30_R3D_REF_dv_trk,6,6,gcn,6,0,30,0,1.0,1.0,5,/mlodata1/hokarami/fari/tracking/generated_data/fissions/ass_graphs_features_locality,0
119,107,108,wt_pom1D_01_30_R3D_REF_dv_trk,9,12,gcn,6,0,102,0,1.0,1.0,5,/mlodata1/hokarami/fari/tracking/generated_data/fissions/ass_graphs_features_locality,0
120,110,111,wt_pom1D_01_30_R3D_REF_dv_trk,14,14,gcn,14,0,182,0,1.0,1.0,5,/mlodata1/hokarami/fari/tracking/generated_data/fissions/ass_graphs_features_locality,0
121,53,54,wt_pom1D_01_30_R3D_REF_dv_trk,4,4,gcn,4,0,12,0,1.0,1.0,5,/mlodata1/hokarami/fari/tracking/generated_data/fissions/ass_graphs_features_locality,0
122,126,127,wt_pom1D_01_30_R3D_REF_dv_trk,16,16,gcn,16,0,240,0,1.0,1.0,5,/mlodata1/hokarami/fari/tracking/generated_data/fissions/ass_graphs_features_locality,0
123,162,163,wt_pom1D_01_30_R3D_REF_dv_trk,33,34,gcn,32,0,1090,0,1.0,1.0,5,/mlodata1/hokarami/fari/tracking/generated_data/fissions/ass_graphs_features_locality,0
124,167,168,wt_pom1D_01_30_R3D_REF_dv_trk,37,38,gcn,36,0,1370,0,1.0,1.0,5,/mlodata1/hokarami/fari/tracking/generated_data/fissions/ass_graphs_features_locality,0
125,56,57,wt_pom1D_01_30_R3D_REF_dv_trk,4,4,gcn,4,0,12,0,1.0,1.0,5,/mlodata1/hokarami/fari/tracking/generated_data/fissions/ass_graphs_features_locality,0
126,41,42,wt_pom1D_01_30_R3D_REF_dv_trk,4,4,gcn,4,0,12,0,1.0,1.0,5,/mlodata1/hokarami/fari/tracking/generated_data/fissions/ass_graphs_features_locality,0
127,154,155,wt_pom1D_01_30_R3D_REF_dv_trk,32,32,gcn,32,0,992,0,1.0,1.0,5,/mlodata1/hokarami/fari/tracking/generated_data/fissions/ass_graphs_features_locality,0
128,79,80,wt_pom1D_01_30_R3D_REF_dv_trk,7,7,gcn,7,0,42,0,1.0,1.0,5,/mlodata1/hokarami/fari/tracking/generated_data/fissions/ass_graphs_features_locality,0
129,63,64,wt_pom1D_01_30_R3D_REF_dv_trk,4,4,gcn,4,0,12,0,1.0,1.0,5,/mlodata1/hokarami/fari/tracking/generated_data/fissions/ass_graphs_features_locality,0
130,95,96,wt_pom1D_01_30_R3D_REF_dv_trk,8,8,gcn,8,0,56,0,1.0,1.0,5,/mlodata1/hokarami/fari/tracking/generated_data/fissions/ass_graphs_features_locality,0
131,140,141,wt_pom1D_01_30_R3D_REF_dv_trk,23,23,gcn,23,0,506,0,1.0,1.0,5,/mlodata1/hokarami/fari/tracking/generated_data/fissions/ass_graphs_features_locality,0
132,26,27,wt_pom1D_01_30_R3D_REF_dv_trk,2,2,gcn,2,0,2,0,1.0,1.0,5,/mlodata1/hokarami/fari/tracking/generated_data/fissions/ass_graphs_features_locality,0
133,160,161,wt_pom1D_01_30_R3D_REF_dv_trk,33,33,gcn,33,0,1056,0,1.0,1.0,5,/mlodata1/hokarami/fari/tracking/generated_data/fissions/ass_graphs_features_locality,0
134,109,110,wt_pom1D_01_30_R3D_REF_dv_trk,14,14,gcn,14,0,182,0,1.0,1.0,5,/mlodata1/hokarami/fari/tracking/generated_data/fissions/ass_graphs_features_locality,0
135,100,101,wt_pom1D_01_30_R3D_REF_dv_trk,8,8,gcn,8,0,56,0,1.0,1.0,5,/mlodata1/hokarami/fari/tracking/generated_data/fissions/ass_graphs_features_locality,0
136,48,49,wt_pom1D_01_30_R3D_REF_dv_trk,4,4,gcn,4,0,12,0,1.0,1.0,5,/mlodata1/hokarami/fari/tracking/generated_data/fissions/ass_graphs_features_locality,0
137,141,142,wt_pom1D_01_30_R3D_REF_dv_trk,23,23,gcn,23,0,506,0,1.0,1.0,5,/mlodata1/hokarami/fari/tracking/generated_data/fissions/ass_graphs_features_locality,0
138,64,65,wt_pom1D_01_30_R3D_REF_dv_trk,4,4,gcn,4,0,12,0,1.0,1.0,5,/mlodata1/hokarami/fari/tracking/generated_data/fissions/ass_graphs_features_locality,0
139,43,44,wt_pom1D_01_30_R3D_REF_dv_trk,4,4,gcn,4,0,12,0,1.0,1.0,5,/mlodata1/hokarami/fari/tracking/generated_data/fissions/ass_graphs_features_locality,0
140,163,164,wt_pom1D_01_30_R3D_REF_dv_trk,34,35,gcn,33,0,1157,0,1.0,1.0,5,/mlodata1/hokarami/fari/tracking/generated_data/fissions/ass_graphs_features_locality,0
141,172,173,wt_pom1D_01_30_R3D_REF_dv_trk,46,48,gcn,44,0,2164,0,1.0,1.0,5,/mlodata1/hokarami/fari/tracking/generated_data/fissions/ass_graphs_features_locality,0
142,164,165,wt_pom1D_01_30_R3D_REF_dv_trk,35,36,gcn,34,0,1226,0,1.0,1.0,5,/mlodata1/hokarami/fari/tracking/generated_data/fissions/ass_graphs_features_locality,0
143,153,154,wt_pom1D_01_30_R3D_REF_dv_trk,32,32,gcn,32,0,992,0,1.0,1.0,5,/mlodata1/hokarami/fari/tracking/generated_data/fissions/ass_graphs_features_locality,0
144,80,81,wt_pom1D_01_30_R3D_REF_dv_trk,7,7,gcn,7,0,42,0,1.0,1.0,5,/mlodata1/hokarami/fari/tracking/generated_data/fissions/ass_graphs_features_locality,0
145,175,176,wt_pom1D_01_30_R3D_REF_dv_trk,49,57,gcn,41,0,2752,0,1.0,1.0,5,/mlodata1/hokarami/fari/tracking/generated_data/fissions/ass_graphs_features_locality,0
146,31,32,wt_pom1D_01_30_R3D_REF_dv_trk,2,2,gcn,2,0,2,0,1.0,1.0,5,/mlodata1/hokarami/fari/tracking/generated_data/fissions/ass_graphs_features_locality,0
147,118,119,wt_pom1D_01_30_R3D_REF_dv_trk,16,16,gcn,16,0,240,0,1.0,1.0,5,/mlodata1/hokarami/fari/tracking/generated_data/fissions/ass_graphs_features_locality,0
148,66,67,wt_pom1D_01_30_R3D_REF_dv_trk,4,4,gcn,4,0,12,0,1.0,1.0,5,/mlodata1/hokarami/fari/tracking/generated_data/fissions/ass_graphs_features_locality,0
149,149,150,wt_pom1D_01_30_R3D_REF_dv_trk,32,32,gcn,32,0,992,0,1.0,1.0,5,/mlodata1/hokarami/fari/tracking/generated_data/fissions/ass_graphs_features_locality,0
150,90,91,wt_pom1D_01_30_R3D_REF_dv_trk,8,8,gcn,8,0,56,0,1.0,1.0,5,/mlodata1/hokarami/fari/tracking/generated_data/fissions/ass_graphs_features_locality,0
151,37,38,wt_pom1D_01_30_R3D_REF_dv_trk,2,3,gcn,1,0,5,0,1.0,1.0,5,/mlodata1/hokarami/fari/tracking/generated_data/fissions/ass_graphs_features_locality,0
